{"episode_rewards": [-1.6392633688203424], "episode_lengths": [234], "timestamps": [1527464883.9244223], "episode_types": ["t", "t"], "initial_reset_timestamp": 1527464843.7976284}